FC Barcelona;FC Barcelona;fc barcelona
Manchester City;Manchester City;manchester city
Liverpool;Liverpool;liverpool
Paris Saint-Germain;Paris Saint-Germain;paris saint-germain
Tottenham Hotspur;Tottenham Hotspur;tottenham hotspur
Real Madrid;Real Madrid;real madrid
Napoli;Napoli;napoli
Shakhtar Donetsk;Shakhtar Donetsk;shakhtar donetsk
Inter;Inter;inter
Arsenal;Arsenal;arsenal
Atlético De Madrid;Atletico de Madrid;atletico de madrid
Borussia Dortmund;Borussia Dortmund;borussia dortmund
Borussia M'gladbach;Borussia M'gladbach;borussia m'gladbach
Milan;Milan;milan
Villarreal CF;Villarreal CF;villarreal cf
Monterrey;Monterrey;monterrey
Sevilla FC;Sevilla FC;sevilla fc
Real Betis Balompié;Real Betis Balompie;real betis balompie
Generic Capitale;Generic Capitale;generic capitale
FC Nantes;FC Nantes;fc nantes
Internacional;Internacional;internacional
Bayern München;Bayern Munchen;bayern munchen
Tigres U.A.N.L.;Tigres U.A.N.L.;tigres u.a.n.l.
RC Celta De Vigo;RC Celta de Vigo;rc celta de vigo
Atalanta;Atalanta;atalanta
Southampton;Southampton;southampton
Free Agent;Free Agent;free agent
Lokomotiv Moskva;Lokomotiv Moskva;lokomotiv moskva
FC Schalke 04;FC Schalke 04;fc schalke 04
Elche CF;Elche CF;elche cf
Newcastle United;Newcastle United;newcastle united
Cagliari;Cagliari;cagliari
Levante UD;Levante UD;levante ud
West Ham United;West Ham United;west ham united
TSG 1899 Hoffenheim;TSG 1899 Hoffenheim;tsg 1899 hoffenheim
Gwangju FC;Gwangju FC;gwangju fc
Parma;Parma;parma
Eintracht Frankfurt;Eintracht Frankfurt;eintracht frankfurt
SL Benfica;SL Benfica;sl benfica
Grêmio;Gremio;gremio
Shanghai Port;Shanghai Port;shanghai port
Shanghai Shenhua;Shanghai Shenhua;shanghai shenhua
Manchester United;Manchester United;manchester united
Juventus;Juventus;juventus
VfL Wolfsburg;VfL Wolfsburg;vfl wolfsburg
CA Osasuna;CA Osasuna;ca osasuna
Ajax;Ajax;ajax
Portland Timbers;Portland Timbers;portland timbers
Granada CF;Granada CF;granada cf
Fluminense;Fluminense;fluminense
Stade Rennais;Stade Rennais;stade rennais
Sassuolo;Sassuolo;sassuolo
Orlando City SC;Orlando City SC;orlando city sc
Al Nassr;Al Nassr;al nassr
Santos;Santos;santos
Spartak Moskva;Spartak Moskva;spartak moskva
Fenerbahçe;Fenerbahce;fenerbahce
FC Midtjylland;FC Midtjylland;fc midtjylland
Everton;Everton;everton
Crystal Palace;Crystal Palace;crystal palace
Vitória Guimarães;Vitoria Guimaraes;vitoria guimaraes
Independiente;Independiente;independiente
Club Brugge;Club Brugge;club brugge
Genoa;Genoa;genoa
Rangers;Rangers;rangers
Fulham;Fulham;fulham
Sporting CP;Sporting CP;sporting cp
SD Eibar;SD Eibar;sd eibar
Brighton & Hove Albion;Brighton & Hove Albion;brighton & hove albion
OGC Nice;OGC Nice;ogc nice
FC København;FC Kobenhavn;fc kobenhavn
AS Monaco;AS Monaco;as monaco
Leicester City;Leicester City;leicester city
Nîmes Olympique;Nimes Olympique;nimes olympique
Núñez;Nunez;nunez
PSV;PSV;psv
Boca Juniors;Boca Juniors;boca juniors
RCD Espanyol;RCD Espanyol;rcd espanyol
Girondins De Bordeaux;Girondins de Bordeaux;girondins de bordeaux
Galatasaray;Galatasaray;galatasaray
Torino;Torino;torino
Lazio;Lazio;lazio
Stade Brestois 29;Stade Brestois 29;stade brestois 29
BSC Young Boys;BSC Young Boys;bsc young boys
RB Leipzig;RB Leipzig;rb leipzig
Slavia Praha;Slavia Praha;slavia praha
Burnley;Burnley;burnley
Inter Miami;Inter Miami;inter miami
RB Salzburg;RB Salzburg;rb salzburg
Bologna;Bologna;bologna
FC Basel;FC Basel;fc basel
Cruz Azul;Cruz Azul;cruz azul
Bournemouth;Bournemouth;bournemouth
Chelsea;Chelsea;chelsea
Wolverhampton Wanderers;Wolverhampton Wanderers;wolverhampton wanderers
Santos Laguna;Santos Laguna;santos laguna
Olympique De Marseille;Olympique de Marseille;olympique de marseille
Olympique Lyonnais;Olympique Lyonnais;olympique lyonnais
Athletic Club De Bilbao;Athletic Club de Bilbao;athletic club de bilbao
Sivasspor;Sivasspor;sivasspor
LOSC Lille;LOSC Lille;losc lille
Al Hilal;Al Hilal;al hilal
Braga;Braga;braga
Real Sociedad;Real Sociedad;real sociedad
Aston Villa;Aston Villa;aston villa
Werder Bremen;Werder Bremen;werder bremen
Al Ahli;Al Ahli;al ahli
Leeds United;Leeds United;leeds united
Real Valladolid;Real Valladolid;real valladolid
São Paulo;Sao Paulo;sao paulo
Palmeiras;Palmeiras;palmeiras
West Bromwich Albion;West Bromwich Albion;west bromwich albion
Getafe CF;Getafe CF;getafe cf
Kayserispor;Kayserispor;kayserispor
Seattle Sounders;Seattle Sounders;seattle sounders
Montpellier HSC;Montpellier HSC;montpellier hsc
Bayer 04 Leverkusen;Bayer 04 Leverkusen;bayer 04 leverkusen
1. FC Union Berlin;1. FC Union Berlin;1. fc union berlin
Udinese;Udinese;udinese
Feyenoord;Feyenoord;feyenoord
Beijing Guoan;Beijing Guoan;beijing guoan
Palestino;Palestino;palestino
LASK;LASK;lask
Fiorentina;Fiorentina;fiorentina
SD Huesca;SD Huesca;sd huesca
RC Strasbourg;RC Strasbourg;rc strasbourg
Philadelphia Union;Philadelphia Union;philadelphia union
América;America;america
Gent;Gent;gent
Los Angeles FC;Los Angeles FC;los angeles fc
Urawa Reds;Urawa Reds;urawa reds
Hertha BSC;Hertha BSC;hertha bsc
Borgocalcio (Spezia);Borgocalcio (Spezia);borgocalcio (spezia)
Shandong Taishan;Shandong Taishan;shandong taishan
Arminia Bielefeld;Arminia Bielefeld;arminia bielefeld
Cádiz CF;Cadiz CF;cadiz cf
Stade De Reims;Stade de Reims;stade de reims
FC Porto;FC Porto;fc porto
FC Augsburg;FC Augsburg;fc augsburg
Sheffield United;Sheffield United;sheffield united
AEK;AEK;aek
1. FC Köln;1. FC Koln;1. fc koln
CSKA Moskva;CSKA Moskva;cska moskva
RB Bragantino;RB Bragantino;rb bragantino
Olympiacos;Olympiacos;olympiacos
Valencia CF;Valencia CF;valencia cf
Deportivo Alavés;Deportivo Alaves;deportivo alaves
Angers SCO;Angers SCO;angers sco
Dalian Professional;Dalian Professional;dalian professional
Dijon FCO;Dijon FCO;dijon fco
Trabzonspor;Trabzonspor;trabzonspor
AZ;AZ;az
Al Shabab;Al Shabab;al shabab
Vissel Kobe;Vissel Kobe;vissel kobe
Rio Ave;Rio Ave;rio ave
Atlético Mineiro;Atletico Mineiro;atletico mineiro
Pumas U.N.A.M.;Pumas U.N.A.M.;pumas u.n.a.m.
Cerro Porteño;Cerro Porteno;cerro porteno
Universidad Católica;Universidad Catolica;universidad catolica
San Lorenzo De Almagro;San Lorenzo de Almagro;san lorenzo de almagro
Anderlecht;Anderlecht;anderlecht
Nacional De Montevideo;Nacional de Montevideo;nacional de montevideo
RC Lens;RC Lens;rc lens
Toluca;Toluca;toluca
Western United FC;Western United FC;western united fc
Dinamo Zagreb;Dinamo Zagreb;dinamo zagreb
FC Metz;FC Metz;fc metz
Sampdoria;Sampdoria;sampdoria
Toronto FC;Toronto FC;toronto fc
Newell's Old Boys;Newell's Old Boys;newell's old boys
Brentford;Brentford;brentford
RCD Mallorca;RCD Mallorca;rcd mallorca
Pachuca;Pachuca;pachuca
Atlanta United FC;Atlanta United FC;atlanta united fc
Al Ittihad;Al Ittihad;al ittihad
Houston Dynamo;Houston Dynamo;houston dynamo
Minnesota United FC;Minnesota United FC;minnesota united fc
Panathinaikos;Panathinaikos;panathinaikos
Corinthians;Corinthians;corinthians
Benevento;Benevento;benevento
Dynamo Kyiv;Dynamo Kyiv;dynamo kyiv
Jeonbuk Hyundai Motors;Jeonbuk Hyundai Motors;jeonbuk hyundai motors
FC Seoul;FC Seoul;fc seoul
Flamengo;Flamengo;flamengo
Sc Heerenveen;sc Heerenveen;sc heerenveen
Swansea City;Swansea City;swansea city
Adelaide United;Adelaide United;adelaide united
Hellas Verona;Hellas Verona;hellas verona
Talleres De Córdoba;Talleres de Cordoba;talleres de cordoba
Suwon Bluewings;Suwon Bluewings;suwon bluewings
Al Ain FC (UAE);Al Ain FC (UAE);al ain fc (uae)
León;Leon;leon
Botafogo;Botafogo;botafogo
Rayo Vallecano;Rayo Vallecano;rayo vallecano
Chievo Verona;Chievo Verona;chievo verona
Sporting KC;Sporting KC;sporting kc
SM Caen;SM Caen;sm caen
Vitesse;Vitesse;vitesse
Ceará;Ceara;ceara
Chicago Fire FC;Chicago Fire FC;chicago fire fc
Guangzhou City;Guangzhou City;guangzhou city
Mazatlán FC;Mazatlan FC;mazatlan fc
Athletico Paranaense;Athletico Paranaense;athletico paranaense
Goiás;Goias;goias
CD Leganés;CD Leganes;cd leganes
Club Tijuana;Club Tijuana;club tijuana
AS Saint-Étienne;AS Saint-Etienne;as saint-etienne
SC Freiburg;SC Freiburg;sc freiburg
SpVgg Greuther Fürth;SpVgg Greuther Furth;spvgg greuther furth
Standard Liège;Standard Liege;standard liege
Celtic;Celtic;celtic
FC Luzern;FC Luzern;fc luzern
Valenciennes FC;Valenciennes FC;valenciennes fc
D.C. United;D.C. United;d.c. united
Farense;Farense;farense
Racing Club De Avellaneda;Racing Club de Avellaneda;racing club de avellaneda
Empoli;Empoli;empoli
Defensa Y Justicia;Defensa y Justicia;defensa y justicia
Norwich City;Norwich City;norwich city
Millwall;Millwall;millwall
FC Lorient;FC Lorient;fc lorient
Genk;Genk;genk
Vélez Sarsfield;Velez Sarsfield;velez sarsfield
CD Lugo;CD Lugo;cd lugo
Shenzhen FC;Shenzhen FC;shenzhen fc
Daegu FC;Daegu FC;daegu fc
Libertad;Libertad;libertad
Montevideo City Torque;Montevideo City Torque;montevideo city torque
PAOK;PAOK;paok
Cardiff City;Cardiff City;cardiff city
FC Cincinnati;FC Cincinnati;fc cincinnati
Al Fateh;Al Fateh;al fateh
Lecce;Lecce;lecce
FC Zürich;FC Zurich;fc zurich
Preston North End;Preston North End;preston north end
Wolfsberger AC;Wolfsberger AC;wolfsberger ac
Fatih Karagümrük S.K.;Fatih Karagumruk S.K.;fatih karagumruk s.k.
Watford;Watford;watford
FC Utrecht;FC Utrecht;fc utrecht
Málaga CF;Malaga CF;malaga cf
Al Faisaly;Al Faisaly;al faisaly
Gaziantep FK;Gaziantep FK;gaziantep fk
Orlando Pirates;Orlando Pirates;orlando pirates
Servette FC;Servette FC;servette fc
Holstein Kiel;Holstein Kiel;holstein kiel
Banfield;Banfield;banfield
MKE Ankaragücü;MKE Ankaragucu;mke ankaragucu
1. FSV Mainz 05;1. FSV Mainz 05;1. fsv mainz 05
Belenenses;Belenenses;belenenses
Colón;Colon;colon
Konyaspor;Konyaspor;konyaspor
Real Sporting De Gijón;Real Sporting de Gijon;real sporting de gijon
VfL Bochum;VfL Bochum;vfl bochum
Henan Songshan Longmen FC;Henan Songshan Longmen FC;henan songshan longmen fc
Atlético Nacional;Atletico Nacional;atletico nacional
Middlesbrough;Middlesbrough;middlesbrough
Atlas;Atlas;atlas
Columbus Crew;Columbus Crew;columbus crew
Fortaleza;Fortaleza;fortaleza
New York Red Bulls;New York Red Bulls;new york red bulls
Independiente Del Valle;Independiente del Valle;independiente del valle
FC Juárez;FC Juarez;fc juarez
Unión De Santa Fe;Union de Santa Fe;union de santa fe
Malmö FF;Malmo FF;malmo ff
Derby County;Derby County;derby county
Alanyaspor;Alanyaspor;alanyaspor
SV Darmstadt 98;SV Darmstadt 98;sv darmstadt 98
Atlético Goianiense;Atletico Goianiense;atletico goianiense
AC Monza;AC Monza;ac monza
Charleroi;Charleroi;charleroi
Sparta Praha;Sparta Praha;sparta praha
Reading;Reading;reading
Molde FK;Molde FK;molde fk
Al Ettifaq;Al Ettifaq;al ettifaq
Atlético Tucumán;Atletico Tucuman;atletico tucuman
Ulsan Hyundai;Ulsan Hyundai;ulsan hyundai
Al Qadisiyah;Al Qadisiyah;al qadisiyah
Aalborg BK;Aalborg BK;aalborg bk
Bahia;Bahia;bahia
Al Raed;Al Raed;al raed
Sparta Rotterdam;Sparta Rotterdam;sparta rotterdam
Antwerp;Antwerp;antwerp
FC Groningen;FC Groningen;fc groningen
Puebla;Puebla;puebla
Olimpia Asunción;Olimpia Asuncion;olimpia asuncion
VfB Stuttgart;VfB Stuttgart;vfb stuttgart
Antalyaspor;Antalyaspor;antalyaspor
New England Revolution;New England Revolution;new england revolution
Coritiba;Coritiba;coritiba
Real Oviedo;Real Oviedo;real oviedo
Vancouver Whitecaps;Vancouver Whitecaps;vancouver whitecaps
Stoke City;Stoke City;stoke city
Hamburger SV;Hamburger SV;hamburger sv
Unión La Calera;Union La Calera;union la calera
ESTAC Troyes;ESTAC Troyes;estac troyes
Junior De Barranquilla;Junior de Barranquilla;junior de barranquilla
Argentinos Juniors;Argentinos Juniors;argentinos juniors
Oceânico FC;Oceanico FC;oceanico fc
Deportivo Cali;Deportivo Cali;deportivo cali
Rosario Central;Rosario Central;rosario central
Patronato;Patronato;patronato
Barcelona SC Guayaquil;Barcelona SC Guayaquil;barcelona sc guayaquil
Al Wehda;Al Wehda;al wehda
Colorado Rapids;Colorado Rapids;colorado rapids
Rosenborg BK;Rosenborg BK;rosenborg bk
Girona FC;Girona FC;girona fc
Coventry City;Coventry City;coventry city
Lanús;Lanus;lanus
Cangzhou Mighty Lions;Cangzhou Mighty Lions;cangzhou mighty lions
Guadalajara;Guadalajara;guadalajara
Hebei FC;Hebei FC;hebei fc
Emelec;Emelec;emelec
Nashville SC;Nashville SC;nashville sc
Yeni Malatyaspor;Yeni Malatyaspor;yeni malatyaspor
Toulouse FC;Toulouse FC;toulouse fc
Legia Warszawa;Legia Warszawa;legia warszawa
Gimnasia Y Esgrima La Plata;Gimnasia y Esgrima La Plata;gimnasia y esgrima la plata
Perth Glory;Perth Glory;perth glory
Aarhus GF;Aarhus GF;aarhus gf
Estudiantes De La Plata;Estudiantes de La Plata;estudiantes de la plata
Çaykur Rizespor;Caykur Rizespor;caykur rizespor
SC Paderborn 07;SC Paderborn 07;sc paderborn 07
Fortuna Düsseldorf;Fortuna Dusseldorf;fortuna dusseldorf
Crotone;Crotone;crotone
Hatayspor;Hatayspor;hatayspor
BB Erzurumspor;BB Erzurumspor;bb erzurumspor
Brescia;Brescia;brescia
Qingdao FC;Qingdao FC;qingdao fc
Rentistas;Rentistas;rentistas
Erzgebirge Aue;Erzgebirge Aue;erzgebirge aue
Sint-Truiden;Sint-Truiden;sint-truiden
AC Ajaccio;AC Ajaccio;ac ajaccio
LDU Quito;LDU Quito;ldu quito
OH Leuven;OH Leuven;oh leuven
Marítimo;Maritimo;maritimo
1. FC Heidenheim;1. FC Heidenheim;1. fc heidenheim
Portimonense;Portimonense;portimonense
Atlético De San Luis;Atletico de San Luis;atletico de san luis
Boavista;Boavista;boavista
Barnsley;Barnsley;barnsley
Huracán;Huracan;huracan
Al Taawoun;Al Taawoun;al taawoun
Tianjin Jinmen Tiger;Tianjin Jinmen Tiger;tianjin jinmen tiger
Universitario De Deportes;Universitario de Deportes;universitario de deportes
Nottingham Forest;Nottingham Forest;nottingham forest
UD Almería;UD Almeria;ud almeria
Guangzhou FC;Guangzhou FC;guangzhou fc
Moreirense;Moreirense;moreirense
Necaxa;Necaxa;necaxa
Denizlispor;Denizlispor;denizlispor
En Avant Guingamp;En Avant Guingamp;en avant guingamp
Fénix;Fenix;fenix
Tondela;Tondela;tondela
Queens Park Rangers;Queens Park Rangers;queens park rangers
Peñarol;Penarol;penarol
KV Mechelen;KV Mechelen;kv mechelen
BK Häcken;BK Hacken;bk hacken
Western Sydney Wanderers;Western Sydney Wanderers;western sydney wanderers
FC Tokyo;FC Tokyo;fc tokyo
CFR Cluj;CFR Cluj;cfr cluj
Spal;Spal;spal
Gil Vicente FC;Gil Vicente FC;gil vicente fc
Hannover 96;Hannover 96;hannover 96
Sheffield Wednesday;Sheffield Wednesday;sheffield wednesday
FK Bodø/Glimt;FK Bodo/Glimt;fk bodo/glimt
Blackburn Rovers;Blackburn Rovers;blackburn rovers
Chongqing Liangjiang Athletic;Chongqing Liangjiang Athletic;chongqing liangjiang athletic
PEC Zwolle;PEC Zwolle;pec zwolle
FC Dallas;FC Dallas;fc dallas
Famalicão;Famalicao;famalicao
Kaizer Chiefs;Kaizer Chiefs;kaizer chiefs
Zulte Waregem;Zulte Waregem;zulte waregem
Yokohama F·Marinos;Yokohama F.Marinos;yokohama f.marinos
Real Zaragoza;Real Zaragoza;real zaragoza
Amiens SC;Amiens SC;amiens sc
Göztepe;Goztepe;goztepe
Kashima Antlers;Kashima Antlers;kashima antlers
1. FC Nürnberg;1. FC Nurnberg;1. fc nurnberg
Deportes Tolima;Deportes Tolima;deportes tolima
Birmingham City;Birmingham City;birmingham city
Bristol City;Bristol City;bristol city
CD Castellón;CD Castellon;cd castellon
Waasland-Beveren;Waasland-Beveren;waasland-beveren
FC Twente;FC Twente;fc twente
VVV-Venlo;VVV-Venlo;vvv-venlo
Paços De Ferreira;Pacos de Ferreira;pacos de ferreira
Bolívar;Bolivar;bolivar
San Jose Earthquakes;San Jose Earthquakes;san jose earthquakes
América De Cali;America de Cali;america de cali
Cerezo Osaka;Cerezo Osaka;cerezo osaka
Altach;Altach;altach
Huddersfield Town;Huddersfield Town;huddersfield town
Damac FC;Damac FC;damac fc
Willem II;Willem II;willem ii
Sanfrecce Hiroshima;Sanfrecce Hiroshima;sanfrecce hiroshima
SD Ponferradina;SD Ponferradina;sd ponferradina
Gallos Blancos De Querétaro;Gallos Blancos de Queretaro;gallos blancos de queretaro
Universitatea Craiova;Universitatea Craiova;universitatea craiova
Santa Clara;Santa Clara;santa clara
ADO Den Haag;ADO Den Haag;ado den haag
Djurgårdens IF;Djurgardens IF;djurgardens if
Al Batin;Al Batin;al batin
CF Fuenlabrada;CF Fuenlabrada;cf fuenlabrada
Kawasaki Frontale;Kawasaki Frontale;kawasaki frontale
Deportes Antofagasta;Deportes Antofagasta;deportes antofagasta
Brøndby IF;Brondby IF;brondby if
Shimizu S-Pulse;Shimizu S-Pulse;shimizu s-pulse
Los Angeles Galaxy;Los Angeles Galaxy;los angeles galaxy
Fortuna Sittard;Fortuna Sittard;fortuna sittard
Kortrijk;Kortrijk;kortrijk
Arsenal De Sarandí;Arsenal de Sarandi;arsenal de sarandi
Eintracht Braunschweig;Eintracht Braunschweig;eintracht braunschweig
New York City FC;New York City FC;new york city fc
TSV 1860 München;TSV 1860 Munchen;tsv 1860 munchen
FC St. Gallen;FC St. Gallen;fc st. gallen
Incheon United;Incheon United;incheon united
Gamba Osaka;Gamba Osaka;gamba osaka
FC Lugano;FC Lugano;fc lugano
VfL Osnabrück;VfL Osnabruck;vfl osnabruck
Oostende;Oostende;oostende
Rapid Wien;Rapid Wien;rapid wien
AIK;AIK;aik
FC Sion;FC Sion;fc sion
Sydney FC;Sydney FC;sydney fc
Wycombe Wanderers;Wycombe Wanderers;wycombe wanderers
Le Havre AC;Le Havre AC;le havre ac
Sturm Graz;Sturm Graz;sturm graz
UD Las Palmas;UD Las Palmas;ud las palmas
Viking FK;Viking FK;viking fk
Clermont Foot;Clermont Foot;clermont foot
Pohang Steelers;Pohang Steelers;pohang steelers
Rotherham United;Rotherham United;rotherham united
Dynamo Dresden;Dynamo Dresden;dynamo dresden
Helsingborgs IF;Helsingborgs IF;helsingborgs if
Sangju Sangmu;Sangju Sangmu;sangju sangmu
Eupen;Eupen;eupen
Wuhan FC;Wuhan FC;wuhan fc
Vegalta Sendai;Vegalta Sendai;vegalta sendai
FC Emmen;FC Emmen;fc emmen
Godoy Cruz;Godoy Cruz;godoy cruz
Nagoya Grampus;Nagoya Grampus;nagoya grampus
Karlsruher SC;Karlsruher SC;karlsruher sc
Independiente Santa Fe;Independiente Santa Fe;independiente santa fe
Hammarby IF;Hammarby IF;hammarby if
Mouscron;Mouscron;mouscron
Nacional (Madeira);Nacional (Madeira);nacional (madeira)
IFK Göteborg;IFK Goteborg;ifk goteborg
FC Hermannstadt;FC Hermannstadt;fc hermannstadt
IK Sirius;IK Sirius;ik sirius
Hokkaido Consadole Sapporo;Hokkaido Consadole Sapporo;hokkaido consadole sapporo
Crewe Alexandra;Crewe Alexandra;crewe alexandra
Astra Giurgiu;Astra Giurgiu;astra giurgiu
Melgar FBC;Melgar FBC;melgar fbc
Odds Ballklubb;Odds Ballklubb;odds ballklubb
Kristiansund BK;Kristiansund BK;kristiansund bk
Macarthur FC;Macarthur FC;macarthur fc
CD Tenerife;CD Tenerife;cd tenerife
Guaireña FC;Guairena FC;guairena fc
Würzburger Kickers;Wurzburger Kickers;wurzburger kickers
Cercle Brugge;Cercle Brugge;cercle brugge
Jorge Wilstermann;Jorge Wilstermann;jorge wilstermann
Real Salt Lake;Real Salt Lake;real salt lake
FSV Zwickau;FSV Zwickau;fsv zwickau
Chamois Niortais FC;Chamois Niortais FC;chamois niortais fc
RKC Waalwijk;RKC Waalwijk;rkc waalwijk
Heracles Almelo;Heracles Almelo;heracles almelo
Górnik Zabrze;Gornik Zabrze;gornik zabrze
Deportivo Pasto;Deportivo Pasto;deportivo pasto
Cobresal;Cobresal;cobresal
Admira Wacker;Admira Wacker;admira wacker
Sepsi OSK;Sepsi OSK;sepsi osk
SV Wehen Wiesbaden;SV Wehen Wiesbaden;sv wehen wiesbaden
UD Logroñés;UD Logrones;ud logrones
AJ Auxerre;AJ Auxerre;aj auxerre
Viktoria Köln;Viktoria Koln;viktoria koln
Randers FC;Randers FC;randers fc
St. Pölten;St. Polten;st. polten
Sunderland;Sunderland;sunderland
Carlos A. Mannucci;Carlos A. Mannucci;carlos a. mannucci
Östersunds FK;Ostersunds FK;ostersunds fk
Milton Keynes Dons;Milton Keynes Dons;milton keynes dons
Jiangsu FC;Jiangsu FC;jiangsu fc
Nacional Potosí;Nacional Potosi;nacional potosi
IF Elfsborg;IF Elfsborg;if elfsborg
Ipswich Town;Ipswich Town;ipswich town
Luton Town;Luton Town;luton town
Vålerenga Fotball;Valerenga Fotball;valerenga fotball
FC Sochaux;FC Sochaux;fc sochaux
Abha Club;Abha Club;abha club
SpVgg Unterhaching;SpVgg Unterhaching;spvgg unterhaching
Atlético Palmaflor;Atletico Palmaflor;atletico palmaflor
La Equidad;La Equidad;la equidad
CF Montréal;CF Montreal;cf montreal
Beerschot;Beerschot;beerschot
Aldosivi;Aldosivi;aldosivi
Universidad Técnica De Cajamarca;Universidad Tecnica de Cajamarca;universidad tecnica de cajamarca
FCSB;FCSB;fcsb
Piast Gliwice;Piast Gliwice;piast gliwice
1. FC Saarbrücken;1. FC Saarbrucken;1. fc saarbrucken
Central Córdoba;Central Cordoba;central cordoba
Oxford United;Oxford United;oxford united
12 De Octubre FC;12 de Octubre FC;12 de octubre fc
CD Mirandés;CD Mirandes;cd mirandes
AD Alcorcón;AD Alcorcon;ad alcorcon
Charlton Athletic;Charlton Athletic;charlton athletic
Cracovia Kraków;Cracovia Krakow;cracovia krakow
Pau FC;Pau FC;pau fc
The Strongest;The Strongest;the strongest
Rochdale;Rochdale;rochdale
Always Ready;Always Ready;always ready
Odense Boldklub;Odense Boldklub;odense boldklub
Peterborough United;Peterborough United;peterborough united
SV Sandhausen;SV Sandhausen;sv sandhausen
Hull City;Hull City;hull city
SK Brann;SK Brann;sk brann
Al Ain (KSA);Al Ain (KSA);al ain (ksa)
IFK Norrköping;IFK Norrkoping;ifk norrkoping
Portsmouth;Portsmouth;portsmouth
Jahn Regensburg;Jahn Regensburg;jahn regensburg
Aberdeen;Aberdeen;aberdeen
WSG Tirol;WSG Tirol;wsg tirol
Örebro SK;Orebro SK;orebro sk
Fleetwood Town;Fleetwood Town;fleetwood town
LB Châteauroux;LB Chateauroux;lb chateauroux
Doncaster Rovers;Doncaster Rovers;doncaster rovers
Paris FC;Paris FC;paris fc
Kashiwa Reysol;Kashiwa Reysol;kashiwa reysol
CE Sabadell;CE Sabadell;ce sabadell
Austria Wien;Austria Wien;austria wien
Sagan Tosu;Sagan Tosu;sagan tosu
KFC Uerdingen 05;KFC Uerdingen 05;kfc uerdingen 05
Busan IPark;Busan IPark;busan ipark
SD Aucas;SD Aucas;sd aucas
Aalesunds FK;Aalesunds FK;aalesunds fk
Kilmarnock;Kilmarnock;kilmarnock
Sporting Cristal;Sporting Cristal;sporting cristal
Grenoble Foot 38;Grenoble Foot 38;grenoble foot 38
Oita Trinita;Oita Trinita;oita trinita
USL Dunkerque;USL Dunkerque;usl dunkerque
FC St. Pauli;FC St. Pauli;fc st. pauli
Gangwon FC;Gangwon FC;gangwon fc
Hansa Rostock;Hansa Rostock;hansa rostock
SV Ried;SV Ried;sv ried
Nacional Asunción;Nacional Asuncion;nacional asuncion
Rodez Aveyron Football;Rodez Aveyron Football;rodez aveyron football
Hibernian;Hibernian;hibernian
Guabirá;Guabira;guabira
Melbourne City;Melbourne City;melbourne city
Hallescher FC;Hallescher FC;hallescher fc
Albacete Balompié;Albacete Balompie;albacete balompie
Dundalk;Dundalk;dundalk
Sarpsborg 08;Sarpsborg 08;sarpsborg 08
Seongnam FC;Seongnam FC;seongnam fc
St. Johnstone;St. Johnstone;st. johnstone
Deportivo La Guaira;Deportivo La Guaira;deportivo la guaira
FC Lausanne-Sport;FC Lausanne-Sport;fc lausanne-sport
Macará;Macara;macara
Motherwell;Motherwell;motherwell
SønderjyskE;SonderjyskE;sonderjyske
Metropolitanos FC;Metropolitanos FC;metropolitanos fc
FC Ingolstadt 04;FC Ingolstadt 04;fc ingolstadt 04
Stabæk Fotball;Stabak Fotball;stabak fotball
Salford City;Salford City;salford city
Hartberg;Hartberg;hartberg
Wigan Athletic;Wigan Athletic;wigan athletic
Livingston;Livingston;livingston
Sport Huancayo;Sport Huancayo;sport huancayo
FC Cartagena;FC Cartagena;fc cartagena
AC Horsens;AC Horsens;ac horsens
Bolton Wanderers;Bolton Wanderers;bolton wanderers
Melbourne Victory;Melbourne Victory;melbourne victory
Yokohama FC;Yokohama FC;yokohama fc
Lincoln City;Lincoln City;lincoln city
Huachipato;Huachipato;huachipato
Academica Clinceni;Academica Clinceni;academica clinceni
Bayern München II;Bayern Munchen II;bayern munchen ii
AS Nancy;AS Nancy;as nancy
Kalmar FF;Kalmar FF;kalmar ff
MSV Duisburg;MSV Duisburg;msv duisburg
Ross County;Ross County;ross county
St. Mirren;St. Mirren;st. mirren
Strømsgodset Toppfotball;Stromsgodset Toppfotball;stromsgodset toppfotball
Mjällby AIF;Mjallby AIF;mjallby aif
Wellington Phoenix;Wellington Phoenix;wellington phoenix
Cheltenham Town;Cheltenham Town;cheltenham town
1. FC Kaiserslautern;1. FC Kaiserslautern;1. fc kaiserslautern
Hamilton Academical;Hamilton Academical;hamilton academical
Bristol Rovers;Bristol Rovers;bristol rovers
1. FC Magdeburg;1. FC Magdeburg;1. fc magdeburg
FK Haugesund;FK Haugesund;fk haugesund
Newcastle Jets;Newcastle Jets;newcastle jets
Dundee United;Dundee United;dundee united
St. Patrick's Athletic;St. Patrick's Athletic;st. patrick's athletic
Brisbane Roar;Brisbane Roar;brisbane roar
Gillingham;Gillingham;gillingham
FC Nordsjælland;FC Nordsjalland;fc nordsjalland
Leyton Orient;Leyton Orient;leyton orient
Lyngby BK;Lyngby BK;lyngby bk
HJK Helsinki;HJK Helsinki;hjk helsinki
UTA Arad;UTA Arad;uta arad
SC Verl;SC Verl;sc verl
FC Viitorul;FC Viitorul;fc viitorul
FC Voluntari;FC Voluntari;fc voluntari
Accrington Stanley;Accrington Stanley;accrington stanley
River Plate Asunción;River Plate Asuncion;river plate asuncion
Sandefjord Fotball;Sandefjord Fotball;sandefjord fotball
Exeter City;Exeter City;exeter city
Cambridge United;Cambridge United;cambridge united
Blackpool;Blackpool;blackpool
IK Start;IK Start;ik start
Central Coast Mariners;Central Coast Mariners;central coast mariners
SV Meppen;SV Meppen;sv meppen
Türkgücü München;Turkgucu Munchen;turkgucu munchen
Tranmere Rovers;Tranmere Rovers;tranmere rovers
Newport County;Newport County;newport county
Guayaquil City;Guayaquil City;guayaquil city
Plymouth Argyle;Plymouth Argyle;plymouth argyle
Harrogate Town;Harrogate Town;harrogate town
SV Waldhof Mannheim;SV Waldhof Mannheim;sv waldhof mannheim
Shamrock Rovers;Shamrock Rovers;shamrock rovers
Falkenbergs FF;Falkenbergs FF;falkenbergs ff
Vejle BK;Vejle BK;vejle bk
Aragua FC;Aragua FC;aragua fc
Burton Albion;Burton Albion;burton albion
Shonan Bellmare;Shonan Bellmare;shonan bellmare
Colchester United;Colchester United;colchester united
Shrewsbury Town;Shrewsbury Town;shrewsbury town
Morecambe;Morecambe;morecambe
VfB Lübeck;VfB Lubeck;vfb lubeck
Sligo Rovers;Sligo Rovers;sligo rovers
Cerro Largo;Cerro Largo;cerro largo
FC Chambly Oise;FC Chambly Oise;fc chambly oise
Oldham Athletic;Oldham Athletic;oldham athletic
Forest Green Rovers;Forest Green Rovers;forest green rovers
Waterford;Waterford;waterford
Scunthorpe United;Scunthorpe United;scunthorpe united
Stevenage;Stevenage;stevenage
Mjøndalen IF;Mjondalen IF;mjondalen if
Bradford City;Bradford City;bradford city
Academia Puerto Cabello;Academia Puerto Cabello;academia puerto cabello
Stal Mielec;Stal Mielec;stal mielec
Swindon Town;Swindon Town;swindon town
FC Vaduz;FC Vaduz;fc vaduz
Crawley Town;Crawley Town;crawley town
Port Vale;Port Vale;port vale
Carlisle United;Carlisle United;carlisle united
Cork City;Cork City;cork city
AFC Wimbledon;AFC Wimbledon;afc wimbledon
Deportivo Táchira;Deportivo Tachira;deportivo tachira
Grimsby Town;Grimsby Town;grimsby town
Mineros De Guayana;Mineros de Guayana;mineros de guayana
Barrow;Barrow;barrow
Walsall;Walsall;walsall
Southend United;Southend United;southend united
Mansfield Town;Mansfield Town;mansfield town
Bohemians;Bohemians;bohemians
Northampton Town;Northampton Town;northampton town
Varbergs BoIS;Varbergs BoIS;varbergs bois
Derry City;Derry City;derry city
Shelbourne;Shelbourne;shelbourne
Finn Harps;Finn Harps;finn harps
